company,variable,group,importance,corr_total,corr_sub
Cognizant,FS_Current Ratio,FS,5,1.0,1.0
Cognizant,FS_Working Capital to Total Assets,FS,5,0.943,0.902
Cognizant,"FS_Pretax ROA - %, TTM",FS,5,0.865,0.794
Cognizant,"FS_Reinvestment Rate - %, TTM",FS,5,0.852,0.771
Cognizant,FS_ROA,FS,5,0.851,0.782
Cognizant,ROA(비율),수익성,1,0.851,0.782
Cognizant,자기자본비율,안정성,2,0.845,0.803
Cognizant,"FS_Income before Tax Margin - %, TTM",FS,5,0.837,0.746
Cognizant,FS_ROE,FS,5,0.814,0.741
Cognizant,ROE(지배)(비율),수익성,1,0.814,0.741
Cognizant,"BS_Accumulated Depreciation, Total",BS,5,0.812,0.761
Cognizant,유형자산감상비 누계,안정성,1,0.812,0.761
Cognizant,FS_ROIC,FS,5,0.79,0.726
Cognizant,FS_Income before Tax Margin - %,FS,5,0.788,0.705
Cognizant,총자산회전율(비율),활동성,0,0.785,0.725
Cognizant,"FS_Asset Turnover, TTM",FS,5,0.785,0.725
Cognizant,FS_Gross Profit Margin - %,FS,5,0.762,
Cognizant,매출액이익률(비율),수익성,0,0.762,
Cognizant,매출액증가율(YoY)(연도),성장성,0,0.758,0.743
Cognizant,순이익률(비율),수익성,2,0.729,
Cognizant,FS_Net Margin - %,FS,5,0.729,
Cognizant,EBITDA2증가율(YoY)(비율),성장성,1,0.723,0.73
Cognizant,자본금(천원),안정성,2,-0.703,-0.744
Cognizant,"BS_Common Stock, Total",BS,5,-0.703,-0.744
Cognizant,BS_Common Stock,BS,5,-0.703,-0.744
Cognizant,CF_Net Income/Starting Line,CF,5,-0.724,-0.772
Cognizant,IS_Provision for Income Taxes,IS,5,-0.735,
Cognizant,"IS_Interest Exp.(Inc.),Net-Operating, Total",IS,5,-0.745,
Cognizant,CF_Net Cash - Beginning Balance,CF,5,-0.745,
Cognizant,IS_Investment Income - Operating,IS,5,-0.745,
Cognizant,IS_Interest/Investment Income - Operating,IS,5,-0.745,
Cognizant,FS_Net Cash Flow from Operating Activities,FS,5,-0.746,-0.744
Cognizant,인당매출s,성장성,0,-0.748,-0.763
Cognizant,"FS_Free Cash Flow Yield - %, TTM",FS,5,-0.749,-0.709
Cognizant,FS_CAPEX,FS,5,-0.75,-0.783
Cognizant,CAPEX(천원),성장성,1,-0.75,-0.783
Cognizant,BS_Total Current Assets,BS,5,-0.754,-0.765
Cognizant,유동자산(천원),안정성,2,-0.754,-0.765
Cognizant,BS_Total Current Assets less Inventory,BS,5,-0.754,-0.765
Cognizant,CF_Depreciation/Depletion,CF,5,-0.767,-0.745
Cognizant,CF_Depreciation,CF,5,-0.767,-0.745
Cognizant,"BS_Other Current Assets, Total",BS,5,-0.77,
Cognizant,IS_Income Available to Com Incl ExtraOrd,IS,5,-0.771,-0.741
Cognizant,IS_Net Income,IS,5,-0.771,-0.741
Cognizant,당기순이익(천원),수익성,1,-0.771,-0.741
Cognizant,IS_Diluted Net Income,IS,5,-0.771,-0.741
Cognizant,BS_Other Property/Plant/Equipment - Gross,BS,5,-0.781,-0.727
Cognizant,FS_Market Capitalization,FS,5,-0.783,-0.744
Cognizant,BS_Defered Income Tax - Long Term Asset,BS,5,-0.787,-0.799
Cognizant,IS_Income Available to Com Excl ExtraOrd,IS,5,-0.794,-0.783
Cognizant,BS_Intangibles - Net,BS,5,-0.794,-0.704
Cognizant,FS_Income before Discontinued Operations & Extraordinary Items,FS,5,-0.794,-0.783
Cognizant,IS_Net Income Before Extra. Items,IS,5,-0.794,-0.783
Cognizant,무형자산,안정성,2,-0.794,-0.704
Cognizant,"IS_Stock-Based Compensation, Supplemental",IS,5,-0.796,-0.704
Cognizant,IS_Net Income After Taxes,IS,5,-0.797,-0.789
Cognizant,"EPS(지배, Adj.)(원/주)",수익성,2,-0.799,-0.764
Cognizant,FS_EPS - Diluted - excluding Extraordinary Items Applicable to Common - Total,FS,5,-0.799,-0.764
Cognizant,IS_Basic EPS Including Extraordinary Items,IS,5,-0.801,-0.748
Cognizant,IS_Diluted EPS Including ExtraOrd Items,IS,5,-0.801,-0.749
Cognizant,IS_Labor & Related Expense,IS,5,-0.805,-0.747
Cognizant,IS_Net Income Before Taxes,IS,5,-0.807,-0.789
Cognizant,BS_Deferred Income Tax - Current Asset,BS,5,-0.807,-0.773
Cognizant,BS_Other Current Assets,BS,5,-0.81,-0.714
Cognizant,BS_Other Property/Plant/Equipment - Net,BS,5,-0.813,
Cognizant,IS_Operating Income,IS,5,-0.813,-0.789
Cognizant,영업이익(천원),수익성,1,-0.813,-0.789
Cognizant,IS_Normalized Inc. Avail to Com.,IS,5,-0.819,-0.81
Cognizant,IS_Normalized Income After Taxes,IS,5,-0.819,-0.812
Cognizant,BS_Other Current Liabilities,BS,5,-0.819,-0.761
Cognizant,IS_Normalized Income Before Taxes,IS,5,-0.819,-0.804
Cognizant,FS_Operating Profit before Non-Recurring Income/Expense,FS,5,-0.82,-0.806
Cognizant,IS_Normalized EBIT,IS,5,-0.822,-0.815
Cognizant,EBIT(천원),수익성,1,-0.822,-0.815
Cognizant,"FS_Total Assets to Total Shareholders Equity - including Minority Interest & Hybrid Debt, Average TTM",FS,5,-0.823,-0.711
Cognizant,IS_Basic EPS Excluding Extraordinary Items,IS,5,-0.823,-0.79
Cognizant,IS_Diluted EPS Excluding ExtraOrd Items,IS,5,-0.823,-0.79
Cognizant,"BS_Property/Plant/Equipment, Total - Gross",BS,5,-0.825,-0.798
Cognizant,BS_Other Long Term Liabilities,BS,5,-0.826,-0.702
Cognizant,BS_Customer Advances,BS,5,-0.826,-0.761
Cognizant,BS_Deferred Revenue - Current,BS,5,-0.826,-0.761
Cognizant,"BS_Other Liabilities, Total",BS,5,-0.826,-0.702
Cognizant,CF_Cash Taxes Paid,CF,5,-0.827,-0.755
Cognizant,BS_Operating Lease Payments Due in Year 5,BS,5,-0.827,
Cognizant,"BS_Intangibles, Net",BS,5,-0.828,-0.76
Cognizant,BS_Operating Lease Payments Due in Year 4,BS,5,-0.83,-0.701
Cognizant,BS_Operating Lease Pymts. Due in 4-5 Years,BS,5,-0.832,
Cognizant,부채비율(비율),안정성,0,-0.832,-0.81
Cognizant,BS_Total Equity & Minority Interest,BS,5,-0.834,-0.787
Cognizant,BS_Total Equity,BS,5,-0.834,-0.787
Cognizant,FS_Common Equity - Total,FS,5,-0.834,-0.787
Cognizant,EBITDA2(천원),수익성,1,-0.835,-0.809
Cognizant,"FS_Earnings before Interest, Taxes, Depreciation & Amortization (EBITDA)",FS,5,-0.835,-0.809
Cognizant,BS_Retained Earnings (Accumulated Deficit),BS,5,-0.835,-0.787
Cognizant,이익잉여금(천원),수익성,2,-0.835,-0.787
Cognizant,IS_Normalized EBITDA,IS,5,-0.836,-0.816
Cognizant,"BS_Other Long Term Assets, Total",BS,5,-0.84,-0.788
Cognizant,Employment Number,ET,2,-0.842,-0.78
Cognizant,IS_Diluted Normalized EPS,IS,5,-0.842,-0.811
Cognizant,IS_Basic Normalized EPS,IS,5,-0.842,-0.812
Cognizant,"BS_Other Current liabilities, Total",BS,5,-0.845,-0.812
Cognizant,BS_Other Long Term Assets,BS,5,-0.846,-0.759
Cognizant,BS_Operating Lease Payments Due in Year 3,BS,5,-0.848,-0.741
Cognizant,FS_Gross Profit - Industrials/Property - Total,FS,5,-0.849,-0.809
Cognizant,BS_Operating Lease Pymts. Due in 2-3 Years,BS,5,-0.85,-0.748
Cognizant,BS_Operating Lease Payments Due in Year 2,BS,5,-0.851,-0.754
Cognizant,매출총이익(천원),수익성,0,-0.855,-0.812
Cognizant,IS_Gross Profit,IS,5,-0.855,-0.812
Cognizant,"BS_Accounts Receivable - Trade, Gross",BS,5,-0.858,-0.805
Cognizant,"BS_Accounts Receivable - Trade, Net",BS,5,-0.859,-0.809
Cognizant,"BS_Total Operating Leases, Supplemental",BS,5,-0.859,-0.761
Cognizant,"BS_Total Receivables, Net",BS,5,-0.859,-0.809
Cognizant,FS_Total Assets,FS,5,-0.86,-0.806
Cognizant,BS_Total Assets,BS,5,-0.86,-0.806
Cognizant,자산총계(천원),안정성,2,-0.86,-0.806
Cognizant,BS_Total Liabilities & Shareholders' Equity,BS,5,-0.86,-0.806
Cognizant,"IS_Selling/General/Admin. Expenses, Total",IS,5,-0.86,-0.801
Cognizant,SG&A,수익성,2,-0.86,-0.801
Cognizant,BS_Accounts Payable,BS,5,-0.861,-0.771
Cognizant,IS_Total Revenue,IS,5,-0.864,-0.81
Cognizant,매출액(천원),성장성,0,-0.864,-0.81
Cognizant,IS_Net Sales,IS,5,-0.864,-0.81
Cognizant,IS_Revenue,IS,5,-0.864,-0.81
Cognizant,FS_Revenue from Business Activities - Total,FS,5,-0.864,-0.81
Cognizant,IS_Selling/General/Administrative Expense,IS,5,-0.865,-0.804
Cognizant,"IS_Depreciation, Supplemental",IS,5,-0.865,-0.792
Cognizant,"FS_Depreciation, Depletion & Amortization including Impairment - Cash Flow - to Reconcile",FS,5,-0.866,-0.793
Cognizant,IS_Cost of Revenue,IS,5,-0.866,-0.805
Cognizant,"IS_Cost of Revenue, Total",IS,5,-0.866,-0.805
Cognizant,매출원가(천원),성장성,2,-0.866,-0.805
Cognizant,IS_Total Operating Expense,IS,5,-0.87,-0.812
Cognizant,Gross Investment (GI),성장성,2,-0.87,-0.797
Cognizant,BS_Goodwill - Net,BS,5,-0.871,-0.775
Cognizant,"BS_Goodwill, Net",BS,5,-0.871,-0.775
Cognizant,BS_Full-Time Employees,BS,5,-0.872,-0.807
Cognizant,비유동비율(천원),안정성,2,-0.875,-0.792
Cognizant,BS_Total Liabilities,BS,5,-0.877,-0.836
Cognizant,부채총계(천원),안정성,2,-0.877,-0.836
Cognizant,IS_Depreciation/Amortization,IS,5,-0.879,-0.803
Cognizant,IS_Depreciation,IS,5,-0.879,-0.803
Cognizant,비유동자산(천원),안정성,2,-0.884,-0.807
Cognizant,"BS_Property/Plant/Equipment, Total - Net",BS,5,-0.891,-0.836
Cognizant,BS_Total Current Liabilities,BS,5,-0.893,-0.841
Cognizant,BS_Accrued Expenses,BS,5,-0.894,-0.831
Cognizant,BS_Cash and Short Term Investments,BS,5,,-0.71
Cognizant,"BS_Tangible Book Value, Common Equity",BS,5,,-0.727
Cognizant,CF_Capital Expenditures,CF,5,,0.739
Cognizant,CF_Cash from Operating Activities,CF,5,,-0.704
Cognizant,"CF_Common Stock, Net",CF,5,,0.702
Cognizant,CF_Options Exercised,CF,5,,-0.724
Cognizant,CF_Purchase of Fixed Assets,CF,5,,0.739
Cognizant,CF_Repurchase/Retirement of Common,CF,5,,0.702
Cognizant,FS_Cash & Short-Term Investments,FS,5,,-0.71
Cognizant,IS_Interest Income - Non-Operating,IS,5,,-0.758
Cognizant,단기투자자산,안정성,1,,-0.71
Cognizant,영업이익증가율(YoY)(연도),성장성,1,,0.764
